YEAR,TEAM NO,TEAM,SEED,ROUND,POWER,PATH,DRAW,WINS,POOL VALUE,POOL S-RANK,NCAA S-RANK,VAL Z-SCORE,POWER-PATH
2023,1011,Alabama,1,16,85.2,63.8,1.51,2,74.7,4,1,0.144,21.4
2023,1010,Arizona,2,64,80.9,65.3,0.65,0,57.5,7,7,-0.247,15.6
2023,1009,Arizona St.,11,64,60.2,75.2,-0.27,0,4.3,48,45,-0.714,-15
2023,1008,Arkansas,8,16,78.1,75.6,-0.6,2,23.1,19,30,2.032,2.5
2023,1007,Auburn,9,32,71.9,72.7,0.54,1,13.8,26,35,1.469,-0.8
2023,1006,Baylor,3,32,78.8,66.8,0.22,1,44.5,11,9,0.337,12
2023,1005,Boise St.,10,64,65.7,70.2,0.95,0,8.7,36,37,0.225,-4.5
2023,1004,Colgate,15,64,54.9,79.2,0.85,0,2.3,55,60,0.974,-24.3
2023,1003,College of Charleston,12,64,60.9,71.1,1.29,0,6.4,41,47,0.596,-10.2
2023,1002,Connecticut,4,1,83.3,68.8,-0.46,6,58.3,6,13,1.068,14.5
2023,1001,Creighton,6,8,77.4,69.5,0.47,3,35.3,13,22,1.858,7.9
2023,1000,Drake,12,64,60.4,69.8,1.7,0,6.8,40,49,0.777,-9.4
2023,999,Duke,5,32,79.5,69.7,0.16,1,37,12,18,1.021,9.8
2023,998,Fairleigh Dickinson,16,32,43.5,79.4,1.82,1,0.8,62,68,-0.055,-35.9
2023,997,Florida Atlantic,9,4,69.7,72.6,0.57,4,13,29,33,1.269,-2.9
2023,996,Furman,13,32,57.4,70.9,1.47,1,5,43,53,1.02,-13.5
2023,995,Gonzaga,3,8,83.9,66.3,0.51,3,62.9,5,10,1.418,17.6
2023,994,Grand Canyon,14,64,55.6,82.3,-1.13,0,1.7,59,57,-0.773,-26.7
2023,993,Houston,1,16,89.5,63.7,1.58,2,116,1,2,2.107,25.8
2023,992,Howard,16,64,47.9,81.6,1.26,0,1,61,64,0.677,-33.7
2023,991,Illinois,9,64,72.1,79,-1.38,0,9.1,35,36,0.296,-6.9
2023,990,Indiana,4,32,76.5,67.1,0.58,1,33.9,16,15,-0.182,9.4
2023,989,Iona,13,64,61.8,80.7,-0.83,0,3.2,53,52,-0.093,-18.9
2023,988,Iowa,8,64,66.3,77.2,-1.18,0,5.5,42,32,-0.901,-10.9
2023,987,Iowa St.,6,64,68.3,65.7,1.63,0,14.9,24,21,-0.337,2.6
2023,986,Kansas,1,32,81.7,68.6,-1.85,1,35.2,14,3,-1.734,13.1
2023,985,Kansas St.,3,8,72.1,65.2,1.14,3,26.6,18,11,-0.715,6.9
2023,984,Kennesaw St.,14,64,51.8,73.4,1.28,0,2.6,54,55,-0.117,-21.6
2023,983,Kent St.,13,64,60.5,74.6,0.6,0,4.9,46,51,0.958,-14.1
2023,982,Kentucky,6,32,77.4,67.6,1.05,1,45.4,10,23,2.945,9.8
2023,981,Louisiana Lafayette,13,64,56.9,81.5,-1.01,0,1.8,58,54,-0.958,-24.6
2023,980,Marquette,2,32,72.8,64.4,1.22,1,26.9,17,8,-1.53,8.4
2023,979,Maryland,8,32,67.6,73.1,0.31,1,10,32,31,-0.151,-5.5
2023,978,Memphis,8,64,69.6,73.3,0.24,0,10.1,31,29,-0.135,-3.7
2023,977,Miami FL,5,4,66.5,68.9,0.55,4,9.7,33,20,-1.027,-2.4
2023,976,Michigan St.,7,16,64.3,68.3,1.25,2,10.8,30,26,-0.324,-4
2023,974,Missouri,7,32,60.8,72.5,-0.12,1,4.7,47,27,-1.231,-11.7
2023,973,Montana St.,14,64,53.2,72.1,1.64,0,3.2,52,58,0.321,-18.9
2023,971,North Carolina St.,11,64,63.9,76.8,-0.88,0,4.9,45,41,-0.616,-12.9
2023,970,Northern Kentucky,16,64,51.1,89.2,-0.66,0,0.7,64,63,-0.421,-38.1
2023,969,Northwestern,7,32,63.3,73.4,-0.42,1,4.9,44,28,-1.201,-10.1
2023,968,Oral Roberts,12,64,61.5,78.8,-1.15,0,3.3,51,48,-0.811,-17.3
2023,967,Penn St.,10,32,63.5,67.8,1.67,1,7.7,37,38,-0.038,-4.3
2023,966,Pittsburgh,11,32,61.2,69.5,1.87,1,7.5,39,44,-0.193,-8.3
2023,965,Princeton,15,16,54.7,79.6,0.75,2,2.2,57,61,0.841,-24.9
2023,964,Providence,11,64,65,74.7,-0.09,0,7.7,38,42,-0.16,-9.7
2023,963,Purdue,1,64,79.5,64.5,1.02,0,47.1,9,4,-1.168,15
2023,962,Saint Mary's,5,32,73.4,70.6,-0.27,1,18.3,22,19,-0.382,2.8
2023,961,San Diego St.,5,2,70.6,67.5,1.23,5,20.9,21,17,-0.187,3.1
2023,959,TCU,6,32,71.9,69.4,0.5,1,13.7,27,24,-0.466,2.5
2023,958,Tennessee,4,16,83.7,67,0.64,2,78.4,3,14,2.098,16.7
2023,957,Texas,2,8,80.3,65.8,0.33,3,47.7,8,6,-0.658,14.5
2023,956,Texas A&M,7,64,68.7,65.1,2.29,0,15.4,23,25,0.361,3.6
2023,955,Texas A&M Corpus Chris,16,64,47.5,85,0.4,0,0.8,63,65,-0.055,-37.5
2023,953,UC Santa Barbara,14,64,54.8,78.1,0.01,0,2.2,56,56,-0.408,-23.3
2023,952,UCLA,2,16,86.5,65,0.84,2,89.4,2,5,1.091,21.5
2023,951,UNC Asheville,15,64,52.2,84.8,-0.62,0,1.1,60,62,-0.616,-32.6
2023,950,USC,10,64,64.7,67.2,1.84,0,13.3,28,39,1.436,-2.5
2023,949,Utah St.,10,64,67.3,67.3,1.81,0,14.9,25,40,1.857,0
2023,948,VCU,12,64,61.3,75.5,-0.11,0,4.1,49,50,-0.448,-14.2
2023,947,Vermont,15,64,53.6,72.2,2.69,0,3.7,50,59,2.829,-18.6
2023,946,Virginia,4,64,71.4,66.4,1.01,0,21.3,20,16,-0.828,5
2023,945,West Virginia,9,64,66.7,72.6,0.57,0,9.1,34,34,0.296,-5.9
2023,944,Xavier,3,16,74.2,62.2,2.87,2,34.3,15,12,-0.263,12
2022,943,Akron,13,64,53,81,-0.9,0,1.4,57,52,-1.205,-28
2022,942,Alabama,6,64,74.9,69.9,0.34,0,21,17,21,0.319,5
2022,941,Arizona,1,16,84.1,64.9,0.74,2,56.5,10,2,-0.722,19.2
2022,940,Arkansas,4,8,74,69.2,-0.71,3,19.8,18,16,-0.904,4.8
2022,939,Auburn,2,32,82.8,62.7,2.29,1,79.9,2,5,0.693,20.1
2022,938,Baylor,1,32,85.8,67.1,-0.8,1,65.7,7,4,-0.284,18.7
2022,937,Boise St.,8,64,65.2,79,-1.84,0,4.6,49,29,-1.051,-13.8
2022,935,Cal St. Fullerton,15,64,50.8,83.5,-0.28,0,1.1,62,60,-0.616,-32.7
2022,934,Chattanooga,13,64,59.8,77.5,-0.08,0,3.1,51,49,-0.154,-17.7
2022,933,Colgate,14,64,54.6,67.3,2.94,0,5.2,43,55,1.779,-12.7
2022,932,Colorado St.,6,64,63.3,73.3,-0.7,0,5.3,42,24,-1.37,-10
2022,931,Connecticut,5,64,71.1,68.6,0.7,0,15.7,22,17,-0.577,2.5
2022,930,Creighton,9,32,62.9,72.5,0.6,1,5.7,40,33,-0.553,-9.6
2022,929,Davidson,10,64,62.2,71.7,0.5,0,5.9,39,40,-0.512,-9.5
2022,928,Delaware,15,64,52,79.3,0.82,0,1.6,55,57,0.046,-27.3
2022,927,Duke,2,4,85,64.9,0.9,4,76.1,3,8,0.533,20.1
2022,926,Georgia St.,16,64,52.9,89.8,-0.81,0,0.8,64,61,-0.055,-36.9
2022,925,Gonzaga,1,16,90,66.6,-0.45,2,75.2,4,1,0.167,23.4
2022,924,Houston,5,8,83.9,70.1,-0.03,3,58.8,9,18,2.656,13.8
2022,923,Illinois,4,32,77.9,70,-1.2,1,27.3,15,14,-0.52,7.9
2022,922,Indiana,12,64,65.9,72.4,0.88,0,8,31,43,1.322,-6.5
2022,921,Iowa,5,64,78.4,62.9,3.46,0,51.3,12,20,2.094,15.5
2022,920,Iowa St.,11,16,62.4,70.5,1.49,2,7.9,32,41,-0.127,-8.1
2022,919,Jacksonville St.,15,64,53.1,81.1,0.35,0,1.8,54,59,0.311,-28
2022,918,Kansas,1,1,85.2,63.3,1.87,6,80.4,1,3,0.415,21.9
2022,917,Kentucky,2,64,86.9,67.5,-0.75,0,69.7,5,6,0.265,19.4
2022,916,Longwood,14,64,52.7,80.6,-0.67,0,1.5,56,53,-0.919,-27.9
2022,915,Loyola Chicago,10,64,67.7,72,0.41,0,8.1,30,39,0.067,-4.3
2022,914,LSU,6,64,70.9,65.6,1.66,0,24.4,16,22,0.685,5.3
2022,913,Marquette,9,64,61.8,74.6,-0.04,0,4.7,46,35,-0.803,-12.8
2022,912,Memphis,9,32,74,72.5,0.6,1,16.2,21,36,2.068,1.5
2022,911,Miami FL,10,8,57.9,70,1.01,3,4.7,47,38,-0.828,-12.1
2022,910,Michigan,11,16,70.7,68.7,2.17,2,15.5,23,42,1.111,2
2022,909,Michigan St.,7,32,66.4,71.2,0.3,1,8.2,29,27,-0.71,-4.8
2022,908,Montana St.,14,64,53.7,78.5,-0.1,0,2,53,56,-0.554,-24.8
2022,907,Murray St.,7,32,66.7,76.1,-1.3,1,5,45,26,-1.186,-9.4
2022,906,New Mexico St.,12,32,59.7,72.6,0.81,1,5.4,41,48,0.142,-12.9
2022,905,Norfolk St.,16,64,51.7,85.6,0.25,0,1.1,60,62,1.043,-33.9
2022,904,North Carolina,8,2,69.8,71,1.07,5,10.5,28,30,-0.068,-1.2
2022,903,Notre Dame,11,32,63.5,76,-0.58,1,5.1,44,45,-0.584,-12.5
2022,902,Ohio St.,7,32,73.3,68.9,1.05,1,19.1,20,28,0.911,4.4
2022,901,Providence,4,16,62.6,68.1,-0.03,2,6.8,37,15,-1.57,-5.5
2022,900,Purdue,3,16,83.7,67.2,-0.01,2,55.2,11,11,0.966,16.5
2022,899,Richmond,12,32,55.8,74.5,0.21,1,3,52,47,-0.947,-18.7
2022,897,Saint Mary's,5,32,69,72.8,-1.34,1,7.6,34,19,-1.185,-3.8
2022,896,Saint Peter's,15,8,54.1,85.5,-0.8,3,1.2,58,58,-0.484,-31.4
2022,895,San Diego St.,8,64,67.5,70.7,1.18,0,11.3,27,31,0.065,-3.2
2022,894,San Francisco,10,64,69.9,72.7,0.2,0,11.3,26,37,0.909,-2.8
2022,893,Seton Hall,8,64,63.8,71.5,0.89,0,6.9,36,32,-0.668,-7.7
2022,892,South Dakota St.,13,64,59.4,64.4,2.99,0,7.9,33,50,2.812,-5
2022,891,TCU,9,32,63.7,69.9,1.4,1,7.2,35,34,-0.178,-6.2
2022,890,Tennessee,3,32,82.1,63.8,1.95,1,60.2,8,10,1.259,18.3
2022,889,Texas,6,32,76.2,73.1,-0.64,1,19.2,19,23,0.125,3.1
2022,887,Texas Southern,16,64,50.8,85,0.4,0,1.1,63,64,1.043,-34.2
2022,886,Texas Tech,3,16,79.4,66.5,0.39,2,36.1,14,12,-0.157,12.9
2022,885,UAB,12,64,63.8,81,-1.85,0,3.4,50,46,-0.766,-17.2
2022,884,UCLA,4,16,83.9,65.2,1.75,2,65.9,6,13,1.457,18.7
2022,883,USC,7,64,65.8,67.2,1.6,0,12.6,24,25,-0.056,-1.4
2022,882,Vermont,13,64,62,73,0.98,0,6,38,51,1.637,-11
2022,881,Villanova,2,4,80,66.9,-0.37,4,41,13,7,-0.939,13.1
2022,880,Virginia Tech,11,64,67.1,77.8,-1.25,0,4.6,48,44,-0.665,-10.7
2022,879,Wisconsin,3,32,67.4,64.8,1.37,1,12.3,25,9,-1.555,2.6
2022,878,Wright St.,16,64,50.2,83.8,0.7,0,1.2,59,63,1.409,-33.6
2022,876,Yale,14,64,50.9,82.6,-1.21,0,1.1,61,54,-1.211,-31.7
2021,875,Abilene Christian,14,32,59.9,77.7,0.12,1,4,48,53,0.904,-17.8
2021,874,Alabama,2,16,80.8,67.2,-0.56,2,45.7,8,5,-0.742,13.6
2021,872,Arkansas,3,8,76.9,69.3,-1.22,3,30.8,15,9,-0.468,7.6
2021,871,Baylor,1,1,89.1,66.8,-0.59,6,91.2,1,2,0.928,22.3
2021,870,BYU,6,64,70,71.4,-0.12,0,13.1,28,23,-0.531,-1.4
2021,869,Clemson,7,64,64.9,73.7,-0.52,0,5.9,40,27,-1.052,-8.8
2021,868,Cleveland St.,15,64,51.6,84.6,-0.57,0,1.1,60,58,-0.616,-33
2021,867,Colgate,14,64,60.9,76.5,0.44,0,4.4,47,55,1.196,-15.6
2021,866,Colorado,5,32,70.9,70.2,-0.08,1,15,25,20,-0.63,0.7
2021,865,Connecticut,7,64,75.2,73.8,-0.55,0,20.1,21,26,1.06,1.4
2021,864,Creighton,5,16,78,71.1,-0.52,2,24.9,17,17,0.113,6.9
2021,863,Drake,11,64,64.3,77.6,-1.18,0,5.2,42,46,-0.567,-13.3
2021,862,Drexel,16,64,51.9,87.4,-0.21,0,0.9,61,61,0.311,-35.5
2021,861,Eastern Washington,14,64,55.8,76.5,0.44,0,2.7,53,56,-0.044,-20.7
2021,860,Florida,7,32,70.7,69.7,0.79,1,18,23,28,0.747,1
2021,859,Florida St.,4,16,81.7,66.9,0.71,2,55.6,7,13,0.93,14.8
2021,858,Georgetown,12,64,61.1,73.4,0.56,0,4.4,46,45,-0.312,-12.3
2021,857,Georgia Tech,9,64,66.8,77.3,-0.86,0,5.7,41,34,-0.553,-10.5
2021,856,Gonzaga,1,2,92.3,65.6,0.25,5,82.5,3,1,0.514,26.7
2021,855,Grand Canyon,15,64,58,84.9,-0.65,0,1.8,58,57,0.311,-26.9
2021,854,Hartford,16,64,48.3,88.9,-0.59,0,0.6,63,62,-0.787,-40.6
2021,853,Houston,2,4,86.2,65.2,0.71,4,91,2,8,1.158,21
2021,852,Illinois,1,32,87.6,67.3,-0.94,1,69.1,5,3,-0.123,20.3
2021,851,Iona,15,64,51.3,80.2,0.59,0,1.5,59,60,-0.086,-28.9
2021,850,Iowa,2,32,86.2,69.5,-2.01,1,66.9,6,7,0.148,16.7
2021,849,Kansas,3,32,77,69,-1.05,1,23.8,19,12,-0.88,8
2021,848,Liberty,13,64,57.5,73.8,0.79,0,3.6,49,51,0.154,-16.3
2021,847,Loyola Chicago,8,16,73.4,74.2,-0.09,2,14.4,26,30,0.582,-0.8
2021,846,LSU,8,32,71.7,75.9,-0.71,1,9.9,32,29,-0.168,-4.2
2021,845,Maryland,10,32,70,76.2,-0.85,1,9.6,33,36,0.462,-6.2
2021,844,Michigan,1,8,85.5,66.2,-0.17,3,69.8,4,4,-0.089,19.3
2021,842,Missouri,9,64,61.9,74.1,0.12,0,4.4,45,33,-0.877,-12.2
2021,841,Morehead St.,14,64,53.4,77.7,0.12,0,2.1,56,54,-0.481,-24.3
2021,839,Norfolk St.,16,64,48.2,92,-1.37,0,0.5,64,64,-1.153,-43.8
2021,838,North Carolina,8,64,74.4,78.9,-1.8,0,11.3,30,31,0.065,-4.5
2021,837,North Texas,13,32,60.8,73.7,0.81,1,5,44,50,1.02,-12.9
2021,836,Ohio,13,32,60.4,79.8,-0.62,1,2.6,54,49,-0.463,-19.4
2021,835,Ohio St.,2,64,78.3,65.7,0.39,0,37.9,9,6,-1.069,12.6
2021,834,Oklahoma,8,32,66.4,73.3,0.24,1,6.5,37,32,-0.734,-6.9
2021,833,Oklahoma St.,4,32,74.2,68.1,-0.03,1,19.4,22,15,-0.925,6.1
2021,832,Oral Roberts,15,16,50.4,77.5,1.3,2,1.8,57,59,0.311,-27.1
2021,831,Oregon,7,16,73.3,74.1,-0.65,2,13.7,27,25,0.108,-0.8
2021,830,Oregon St.,12,8,57.1,76.6,-0.45,3,2.7,52,44,-1.084,-19.5
2021,829,Purdue,4,64,73.9,70,-1.2,0,17.9,24,14,-1.002,3.9
2021,828,Rutgers,10,32,66.7,71,0.71,1,9.2,36,40,0.357,-4.3
2021,827,San Diego St.,6,64,74.2,70,0.31,0,20.8,20,24,0.298,4.2
2021,826,St. Bonaventure,9,64,70.9,75.6,-0.34,0,10.6,31,39,0.67,-4.7
2021,825,Syracuse,11,16,64,75.4,-0.35,2,5.1,43,41,-0.584,-11.4
2021,824,Tennessee,5,64,77.8,66.9,1.52,0,37.2,12,19,1.036,10.9
2021,823,Texas,3,64,78.7,68.7,-0.88,0,35.5,14,11,-0.192,10
2021,822,Texas Southern,16,64,46.9,85.3,0.32,0,0.7,62,63,-0.421,-38.4
2021,821,Texas Tech,6,32,76.2,71.7,-0.21,1,24.9,18,22,0.739,4.5
2021,820,UC Santa Barbara,12,64,60.8,78.6,-1.09,0,3,51,48,-0.947,-17.8
2021,819,UCLA,11,4,66.3,73.1,0.52,4,9.3,35,43,0.101,-6.8
2021,818,UNC Greensboro,13,64,57.6,79.2,-0.48,0,2.5,55,52,-0.525,-21.6
2021,817,USC,6,8,77.7,70.2,0.25,3,27.9,16,21,1.062,7.5
2021,816,Utah St.,11,64,68.4,76,-0.58,0,9.6,34,42,0.149,-7.6
2021,815,VCU,10,64,66.7,76.5,-0.94,0,6.4,38,38,-0.38,-9.8
2021,814,Villanova,5,16,78,68.2,0.89,2,37.2,11,18,1.036,9.8
2021,813,Virginia,4,64,81.5,70.5,-1.51,0,37.4,10,16,-0.003,11
2021,812,Virginia Tech,10,64,63.2,72.9,0.14,0,6.3,39,37,-0.407,-9.7
2021,811,West Virginia,3,32,78.5,66.8,0.22,1,35.9,13,10,-0.168,11.7
2021,809,Winthrop,12,64,59.1,77,-0.58,0,3.2,50,47,-0.857,-17.9
2021,808,Wisconsin,9,32,74.4,78.3,-1.17,1,12.1,29,35,1.045,-3.9
2019,807,Abilene Christian,15,64,51.5,85.6,-0.83,0,1,59,60,-0.749,-34.1
2019,806,Arizona St.,11,64,61.6,75.3,-0.31,0,4.9,42,44,-0.616,-13.7
2019,805,Auburn,5,4,78.7,70.5,-0.23,4,27.8,14,18,0.33,8.2
2019,804,Baylor,9,32,64.3,76.6,-0.65,1,4.8,43,35,-0.778,-12.3
2019,803,Belmont,11,64,63.7,74.7,-0.09,0,5.8,38,42,-0.47,-11
2019,802,Bradley,15,64,50,84.6,-0.57,0,0.9,60,59,-0.881,-34.6
2019,801,Buffalo,6,32,72.5,69.8,0.37,1,15.2,22,23,-0.305,2.7
2019,800,Cincinnati,7,64,69.4,72.6,-0.16,0,9.4,28,27,-0.532,-3.2
2019,799,Colgate,15,64,53.8,85.5,-0.8,0,1.2,58,58,-0.484,-31.7
2019,798,Duke,1,8,90.9,65.2,0.53,3,60.9,6,1,-0.512,25.7
2019,797,Fairleigh Dickinson,16,64,47.3,90.5,-0.99,0,0.5,63,63,-1.153,-43.2
2019,796,Florida,10,32,67.1,75.4,-0.61,1,6.6,34,40,-0.328,-8.3
2019,795,Florida St.,4,16,80.4,67.5,0.34,2,38.7,11,14,0.064,12.9
2019,794,Gardner Webb,16,64,49.7,91.9,-1.35,0,0.6,62,61,-0.787,-42.2
2019,793,Georgia St.,14,64,54.5,77.7,0.12,0,2.2,54,55,-0.408,-23.2
2019,792,Gonzaga,1,8,90.8,65.6,0.25,3,103.4,2,4,1.508,25.2
2019,791,Houston,3,16,78.6,66.6,0.33,2,32.9,13,9,-0.345,12
2019,790,Iona,16,64,47.4,87.1,-0.13,0,0.7,61,62,-0.421,-39.7
2019,789,Iowa,10,32,63.2,74.3,-0.28,1,5.3,40,37,-0.67,-11.1
2019,788,Iowa St.,6,64,74.1,69.5,0.47,0,18.2,19,24,0.018,4.6
2019,787,Kansas,4,32,76.6,68.6,-0.34,1,24.2,16,13,-0.679,8
2019,786,Kansas St.,4,64,74.9,70.9,-1.76,0,18.7,17,15,-0.961,4
2019,785,Kentucky,2,8,87.2,65.6,0.46,3,76.5,3,7,0.55,21.6
2019,784,Liberty,12,32,59.2,75.6,-0.14,1,3.4,49,48,-0.766,-16.4
2019,783,Louisville,7,64,69.9,71.1,0.33,0,11.1,26,25,-0.279,-1.2
2019,782,LSU,3,16,76.4,68.2,-0.59,2,24.6,15,11,-0.832,8.2
2019,781,Marquette,5,64,69.1,73.2,-1.53,0,9,30,17,-1.08,-4.1
2019,780,Maryland,6,32,73.3,69.6,0.43,1,18.4,18,22,0.039,3.7
2019,779,Michigan,2,16,84,68.1,-1.13,2,49.5,8,8,-0.582,15.9
2019,778,Michigan St.,2,4,86.1,65,0.84,4,71.9,4,6,0.357,21.1
2019,777,Minnesota,10,32,61.8,74,-0.19,1,4.8,45,39,-0.801,-12.2
2019,776,Mississippi,8,64,64.6,73.5,0.16,0,6.1,37,31,-0.801,-8.9
2019,775,Mississippi St.,5,64,73.7,69.9,0.07,0,16,21,20,-0.555,3.8
2019,774,Montana,15,64,54.5,82.9,-0.12,0,1.6,57,57,0.046,-28.4
2019,773,Murray St.,12,32,66.5,72.3,0.91,1,7.7,32,45,1.186,-5.8
2019,772,Nevada,7,64,72.4,73.6,-0.48,0,13.5,24,26,0.078,-1.2
2019,771,New Mexico St.,12,64,63.9,77.6,-0.77,0,4.7,46,47,-0.176,-13.7
2019,770,North Carolina,1,16,87.3,65.6,0.25,2,58.6,7,3,-0.622,21.7
2019,768,North Dakota St.,16,64,46.8,90.6,-1.02,0,0.5,64,64,-1.153,-43.8
2019,767,Northeastern,13,64,56.5,76.1,0.25,0,2.8,51,52,-0.34,-19.6
2019,766,Northern Kentucky,14,64,56.6,80.1,-0.53,0,2.3,53,56,-0.335,-23.5
2019,765,Ohio St.,11,32,62.6,75.5,-0.39,1,4.8,44,41,-0.632,-12.9
2019,764,Oklahoma,9,32,62.6,72.8,0.51,1,5.1,41,36,-0.703,-10.2
2019,763,Old Dominion,14,64,55.6,79.6,-0.4,0,2.1,55,54,-0.481,-24
2019,762,Oregon,12,16,70.4,74,0.37,2,10.7,27,46,2.547,-3.6
2019,760,Purdue,3,8,80.4,68.4,-0.71,3,36.9,12,12,-0.11,12
2019,759,Saint Louis,13,64,56.4,79.6,-0.57,0,2,56,51,-0.834,-23.2
2019,758,Saint Mary's,11,64,67.1,77.2,-1.03,0,6.5,35,43,-0.356,-10.1
2019,757,Seton Hall,10,64,60.3,75.6,-0.67,0,3.3,50,38,-1.196,-15.3
2019,755,Syracuse,8,64,70.9,73.9,0.02,0,9.3,29,30,-0.268,-3
2019,753,Tennessee,2,16,87,67.1,-0.49,2,68.2,5,5,0.202,19.9
2019,752,Texas Tech,3,2,81.4,67.6,-0.24,5,43.6,9,10,0.284,13.8
2019,751,UC Irvine,13,32,61,74.7,0.58,1,4.6,47,49,0.772,-13.7
2019,750,UCF,9,32,66,74,0.15,1,5.6,39,34,-0.578,-8
2019,749,Utah St.,8,64,67.6,73.6,0.13,0,8.1,31,32,-0.468,-6
2019,748,VCU,8,64,67,75,-0.38,0,6.7,33,29,-0.701,-8
2019,747,Vermont,13,64,56.3,78.4,-0.29,0,2.4,52,50,-0.587,-22.1
2019,746,Villanova,6,32,76,72.5,-0.46,1,16.5,20,21,-0.165,3.5
2019,745,Virginia,1,1,92.2,65.1,0.6,6,121.2,1,2,2.354,27.1
2019,744,Virginia Tech,4,16,81.9,67.5,0.34,2,43.2,10,16,0.294,14.4
2019,743,Washington,9,32,65.5,73.5,0.3,1,6.4,36,33,-0.378,-8
2019,742,Wisconsin,5,64,72.9,74.2,-2.02,0,12.5,25,19,-0.817,-1.3
2019,741,Wofford,7,32,71.8,70.7,0.46,1,14.5,23,28,0.227,1.1
2019,740,Yale,14,64,58.4,75.7,0.66,0,3.6,48,53,0.613,-17.3
2018,739,Alabama,9,32,64.5,73.4,0.33,1,4.7,41,36,-0.803,-8.9
2018,738,Arizona,4,64,80.7,69.5,-0.89,0,41.6,10,16,0.212,11.2
2018,736,Arkansas,7,64,64.5,73,-0.29,0,5.4,40,26,-1.127,-8.5
2018,735,Auburn,4,32,72.8,64.9,1.94,1,13.5,24,13,-1.227,7.9
2018,734,Bucknell,14,64,56.3,85,-1.86,0,1.5,58,55,-0.919,-28.7
2018,733,Buffalo,13,32,59.9,79.4,-0.52,1,2.9,50,51,-0.278,-19.5
2018,732,Butler,10,32,67.9,69.7,1.1,1,13.1,26,33,1.383,-1.8
2018,731,Cal St. Fullerton,15,64,50.7,80.5,0.51,0,1.4,59,61,-0.219,-29.8
2018,730,Cincinnati,2,32,87.7,66.6,-0.18,1,106.6,2,8,1.812,21.1
2018,729,Clemson,5,16,69.6,69.2,0.4,2,16.3,22,19,-0.532,0.4
2018,728,College of Charleston,13,64,53.3,72.1,1.19,0,3.4,48,53,0.031,-18.8
2018,727,Creighton,8,64,68.2,70.4,1.29,0,13.2,25,30,0.382,-2.2
2018,726,Davidson,12,64,62.1,79.6,-1.4,0,3.3,49,48,-0.811,-17.5
2018,725,Duke,2,8,89.6,64.7,1.03,3,116.8,1,6,2.24,24.9
2018,724,Florida,6,32,73.8,67.7,1.02,1,22.3,19,21,0.459,6.1
2018,723,Florida St.,9,8,67.1,71,1.06,3,11.4,27,38,0.87,-3.9
2018,722,Georgia St.,15,64,56.5,86.1,-0.96,0,1.5,57,60,-0.086,-29.6
2018,721,Gonzaga,4,16,82.1,66.1,1.2,2,44.2,8,15,0.346,16
2018,720,Houston,6,32,73.7,68.8,0.68,1,22.1,20,23,0.437,4.9
2018,719,Iona,15,64,51.2,87.7,-1.38,0,0.8,63,62,-1.014,-36.5
2018,718,Kansas,1,4,82.9,66.7,-0.52,4,65,6,3,-0.318,16.2
2018,717,Kansas St.,9,8,61.8,72.8,0.51,3,4.1,42,34,-0.952,-11
2018,716,Kentucky,5,16,80.8,70.2,-0.08,2,43.3,9,17,1.493,10.6
2018,715,Lipscomb,15,64,49.7,80.3,0.56,0,1.3,60,59,-0.351,-30.6
2018,713,Loyola Chicago,11,4,64,72.4,0.78,4,8.1,34,46,-0.095,-8.4
2018,712,Marshall,13,32,54.1,78.3,-0.27,1,1.9,55,54,-0.896,-24.2
2018,711,Miami FL,6,64,70.5,69.1,0.59,0,14.6,23,22,-0.37,1.4
2018,710,Michigan,3,2,77.6,66.8,0.22,5,34,15,11,-0.28,10.8
2018,709,Michigan St.,3,32,87,66.4,0.45,1,72.3,4,9,1.97,20.6
2018,708,Missouri,8,64,68.1,71.2,1,0,11,30,32,0.015,-3.1
2018,707,Montana,14,64,59.6,76.8,0.36,0,4.1,44,56,0.977,-17.2
2018,706,Murray St.,12,64,62.7,77.8,-0.83,0,3.9,46,50,-0.539,-15.1
2018,705,Nevada,7,16,69,73.3,-0.38,2,9.8,31,27,-0.472,-4.3
2018,704,New Mexico St.,12,64,64.5,70.5,1.48,0,9,32,47,1.776,-6
2018,703,North Carolina,2,32,81.4,63.7,1.66,1,69.8,5,5,0.269,17.7
2018,701,North Carolina St.,9,64,62.8,73.2,0.39,0,6.8,36,37,-0.278,-10.4
2018,700,Ohio St.,5,32,75.3,67.4,1.28,1,31.6,16,20,0.616,7.9
2018,699,Oklahoma,10,64,63.4,72,0.41,0,5.9,38,40,-0.512,-8.6
2018,698,Penn,16,64,54,82.7,0.98,0,1.8,56,64,3.605,-28.7
2018,697,Providence,10,64,58.8,73.8,-0.13,0,3.9,47,35,-1.038,-15
2018,696,Purdue,2,16,81.7,65,0.84,2,53.4,7,7,-0.419,16.7
2018,695,Radford,16,64,50.6,88.5,-0.49,0,0.8,64,65,-0.055,-37.9
2018,694,Rhode Island,7,32,64.8,73.2,-0.35,1,5.5,39,28,-1.112,-8.4
2018,693,San Diego St.,11,64,62.8,74.5,-0.01,0,6.1,37,45,-0.421,-11.7
2018,692,Seton Hall,8,32,69.1,70.4,1.29,1,11.2,28,29,0.049,-1.3
2018,691,South Dakota St.,12,64,57.8,75.8,-0.2,0,2.9,51,49,-0.993,-18
2018,690,St. Bonaventure,11,64,59.9,75.1,-0.24,0,4,45,42,-0.763,-15.2
2018,689,Stephen F. Austin,14,64,54.8,77.9,0.06,0,2.3,54,58,-0.335,-23.1
2018,688,Syracuse,11,16,62.1,75,-0.2,2,4.1,43,44,-0.746,-12.9
2018,687,TCU,6,64,70.2,71.4,-0.12,0,11.1,29,24,-0.746,-1.2
2018,686,Tennessee,3,32,74.8,65.7,0.85,1,25.6,18,10,-0.774,9.1
2018,685,Texas,10,64,65.7,73.7,-0.1,0,7.4,35,39,-0.117,-8
2018,684,Texas A&M,7,16,71.6,67.8,1.41,2,19.5,21,25,0.971,3.8
2018,683,Texas Southern,16,64,44.9,77.2,2.37,0,1.2,61,68,1.409,-32.3
2018,682,Texas Tech,3,8,79,66.4,0.45,3,37.8,13,12,-0.057,12.6
2018,680,UMBC,16,32,48.3,83.2,0.86,1,1,62,63,0.677,-34.9
2018,679,UNC Greensboro,13,64,58.2,79.5,-0.55,0,2.6,52,52,-0.463,-21.3
2018,678,Villanova,1,1,88.8,66,-0.03,6,90.9,3,2,0.914,22.8
2018,677,Virginia,1,64,83.4,65.9,0.04,0,39,11,1,-1.554,17.5
2018,676,Virginia Tech,8,64,66.9,73.4,0.2,0,8.4,33,31,-0.418,-6.5
2018,675,West Virginia,5,16,78.3,70.5,-0.23,2,28.1,17,18,0.353,7.8
2018,674,Wichita St.,4,64,79.5,67.4,0.4,0,37,14,14,-0.023,12.1
2018,673,Wright St.,14,64,51.7,74.1,1.09,0,2.5,53,57,-0.19,-22.4
2018,672,Xavier,1,32,77.3,64.8,0.81,1,38.2,12,4,-1.592,12.5
2017,671,Arizona,2,16,83.6,66.9,-0.37,2,44.7,12,6,-0.783,16.7
2017,670,Arkansas,8,32,65.6,71.5,0.89,1,8.6,33,31,-0.384,-5.9
2017,669,Baylor,3,16,80.8,68.8,-0.94,2,38.5,15,12,-0.016,12
2017,668,Bucknell,13,64,57.3,78.3,-0.27,0,2.6,52,49,-0.463,-21
2017,667,Butler,4,16,72.5,65.5,1.57,2,21.5,19,13,-0.817,7
2017,666,Cincinnati,6,32,76,72.9,-0.58,1,18.4,23,22,0.039,3.1
2017,665,Creighton,6,64,72.6,73.8,-0.86,0,12.1,26,24,-0.639,-1.2
2017,664,Dayton,7,64,65.7,79.2,-2.31,0,4.4,44,28,-1.276,-13.5
2017,663,Duke,2,32,85.1,66.5,-0.11,1,53.3,8,7,-0.423,18.6
2017,662,East Tennessee St.,13,64,60,78.8,-0.38,0,2.8,50,50,-0.34,-18.8
2017,661,Florida,4,8,79.7,70.4,-1.45,3,30.1,17,14,-0.377,9.3
2017,660,Florida Gulf Coast,14,64,56.5,79.4,-0.34,0,2.2,54,54,-0.408,-22.9
2017,659,Florida St.,3,32,80.7,66.9,0.16,1,47.6,9,10,0.519,13.8
2017,658,Gonzaga,1,2,89.5,64.9,0.74,5,108.5,1,4,1.75,24.6
2017,657,Iona,14,64,53,83.4,-1.43,0,1.2,56,56,-1.138,-30.4
2017,656,Iowa St.,5,32,76.1,72.2,-1.05,1,18.8,22,20,-0.345,3.9
2017,655,Jacksonville St.,15,64,50.5,85.4,-0.78,0,0.9,60,59,-0.881,-34.9
2017,654,Kansas,1,8,86,67.4,-1.01,3,57.6,6,2,-0.669,18.6
2017,653,Kansas St.,11,64,67.1,77.5,-1.14,0,6.2,37,44,-0.404,-10.4
2017,652,Kent St.,14,64,53.3,81.6,-0.94,0,1.5,55,55,-0.919,-28.3
2017,651,Kentucky,2,8,86.8,66.8,-0.3,3,73.9,3,5,0.441,20
2017,650,Louisville,2,32,86.4,67.9,-1,1,71.4,4,8,0.336,18.5
2017,649,Marquette,10,64,64.6,74.4,-0.31,0,5.1,41,39,-0.722,-9.8
2017,648,Maryland,6,64,64.6,74.2,-0.98,0,5.4,40,23,-1.36,-9.6
2017,647,Miami FL,8,64,70.6,75.7,-0.64,0,9.5,32,30,-0.235,-5.1
2017,646,Michigan,7,16,74.1,76.8,-1.53,2,9.9,29,27,-0.457,-2.7
2017,645,Michigan St.,9,32,69.6,75.2,-0.22,1,8.3,34,35,0.096,-5.6
2017,644,Middle Tennessee,12,32,64.5,68.8,2.02,1,9.6,31,46,2.048,-4.3
2017,643,Minnesota,5,64,66.6,69.6,0.21,0,11.1,27,18,-0.922,-3
2017,642,Mount St. Mary's,16,64,46.8,86.4,0.05,0,0.6,64,64,-0.787,-39.6
2017,641,Nevada,12,64,64.1,77.2,-0.64,0,4.9,42,45,-0.085,-13.1
2017,640,New Mexico St.,14,64,58,79.9,-0.48,0,2.3,53,53,-0.335,-21.9
2017,638,North Carolina,1,1,86.6,64.2,1.23,6,77.7,2,3,0.286,22.4
2017,636,North Dakota,15,64,50.1,82.7,-0.07,0,1,58,60,-0.749,-32.6
2017,635,Northern Kentucky,15,64,51.3,85.5,-0.8,0,0.9,59,57,-0.881,-34.2
2017,634,Northwestern,8,32,65.6,73.2,0.27,1,6.8,35,32,-0.684,-7.6
2017,633,Notre Dame,5,32,70.6,69.9,0.07,1,10.7,28,19,-0.952,0.7
2017,632,Oklahoma St.,10,64,71.7,77.2,-1.15,0,9.7,30,37,0.488,-5.5
2017,631,Oregon,3,4,84.8,67.8,-0.36,4,65,5,9,1.541,17
2017,630,Princeton,12,64,60.1,73.3,0.59,0,4.9,43,48,-0.085,-13.2
2017,628,Purdue,4,16,82.2,70.1,-1.26,2,46.7,10,16,0.474,12.1
2017,627,Rhode Island,11,32,67.2,76.2,-0.65,1,6.3,36,42,-0.388,-9
2017,626,Saint Mary's,7,32,78.3,71,0.37,1,29.4,18,25,2.443,7.3
2017,625,Seton Hall,9,64,63,71.8,0.82,0,6.2,38,34,-0.428,-8.8
2017,624,SMU,6,64,79.7,69.2,0.56,0,33.7,16,21,1.686,10.5
2017,623,South Carolina,7,4,70.4,72.6,-0.16,4,12.1,25,26,-0.13,-2.2
2017,622,South Dakota St.,16,64,48.3,89.2,-0.66,0,0.6,63,62,-0.787,-40.9
2017,621,Texas Southern,16,64,48.9,86.3,0.07,0,0.8,61,61,-0.055,-37.4
2017,620,Troy,15,64,51.8,83.8,-0.36,0,1.1,57,58,-0.616,-32
2017,619,UC Davis,16,64,47,85.8,0.2,0,0.7,62,63,-0.421,-38.8
2017,618,UCLA,3,16,82.6,68.4,-0.71,2,41.5,14,11,0.161,14.2
2017,617,UNC Wilmington,12,64,60.7,80.4,-1.66,0,2.6,51,47,-1.129,-19.7
2017,616,USC,11,32,60.9,79.3,-1.82,1,3,48,43,-0.926,-18.4
2017,615,Vanderbilt,9,64,63.7,72.7,0.54,0,5.5,39,33,-0.603,-9
2017,614,VCU,10,64,62.9,78.8,-1.63,0,3.2,46,40,-1.222,-15.9
2017,613,Vermont,13,64,61.2,80.3,-0.73,0,3,49,51,-0.216,-19.1
2017,612,Villanova,1,32,86.6,67.1,-0.8,1,56.7,7,1,-0.712,19.5
2017,611,Virginia,5,32,81.8,70,0.02,1,41.8,13,17,1.381,11.8
2017,610,Virginia Tech,9,64,62.1,79.3,-1.48,0,3.1,47,36,-1.202,-17.2
2017,608,West Virginia,4,16,80.7,67.1,0.58,2,45.1,11,15,0.392,13.6
2017,607,Wichita St.,10,32,76.3,72,0.41,1,19.3,21,38,3.015,4.3
2017,606,Winthrop,13,64,55.1,71.6,1.3,0,4,45,52,0.402,-16.5
2017,605,Wisconsin,8,16,76.6,71.6,0.85,2,20.7,20,29,1.632,5
2017,604,Xavier,11,8,70.2,70.5,1.49,3,13.7,24,41,0.817,-0.3
2016,603,Arizona,6,64,80.4,76,-1.53,0,27.5,17,23,1.018,4.4
2016,602,Austin Peay,16,64,46.3,88.1,-0.38,0,0.5,64,61,-1.153,-41.8
2016,601,Baylor,5,64,75.7,70.6,-0.27,0,27.2,18,20,0.285,5.1
2016,600,Buffalo,14,64,52.3,76.7,0.39,0,2,56,54,-0.554,-24.4
2016,599,Butler,9,32,66.3,69.8,1.43,1,10.5,30,34,0.645,-3.5
2016,598,Cal St. Bakersfield,15,64,57.2,82.6,-0.04,0,2.3,55,58,0.974,-25.4
2016,597,California,4,64,81.2,70.4,-1.45,0,38,13,14,0.028,10.8
2016,596,Chattanooga,12,64,56.4,80.8,-1.78,0,1.6,59,45,-1.583,-24.4
2016,595,Cincinnati,9,64,68.8,69.6,1.49,0,15.2,27,35,1.819,-0.8
2016,594,Colorado,8,64,63.4,76.8,-1.04,0,4.8,43,30,-1.018,-13.4
2016,593,Connecticut,9,32,70.4,71,1.06,1,10.4,31,36,0.62,-0.6
2016,592,Dayton,7,64,63.7,75.2,-1,0,4.4,44,26,-1.276,-11.5
2016,591,Duke,4,16,81.8,66.9,0.71,2,41.7,9,13,0.217,14.9
2016,589,Florida Gulf Coast,16,64,50.9,86.6,0,0,0.9,62,63,0.311,-35.7
2016,588,Fresno St.,14,64,55.7,76.1,0.55,0,2.8,51,55,0.029,-20.4
2016,587,Gonzaga,11,16,79.1,72.8,0.63,2,31.6,16,43,3.733,6.3
2016,586,Green Bay,14,64,53.6,76.2,0.53,0,2.5,53,53,-0.19,-22.6
2016,585,Hampton,16,64,47.3,85.5,0.27,0,0.8,63,62,-0.055,-38.2
2016,584,Hawaii,13,32,61.5,79.6,-0.57,1,3.2,48,50,-0.093,-18.1
2016,583,Holy Cross,16,64,42.5,75.8,2.73,0,1.1,60,64,1.043,-33.3
2016,582,Indiana,5,16,80.6,69.2,0.4,2,38.2,12,17,1.111,11.4
2016,581,Iona,13,64,57.2,76.7,0.11,0,3,49,52,-0.216,-19.5
2016,580,Iowa,7,32,71.7,67.9,1.38,1,19.5,22,27,0.971,3.8
2016,579,Iowa St.,4,16,77.5,68.5,-0.28,2,16.3,25,16,-1.084,9
2016,578,Kansas,1,8,88.4,65.4,0.39,3,66.9,6,1,-0.227,23
2016,577,Kentucky,4,32,86.7,69,-0.59,1,75.8,4,15,1.964,17.7
2016,576,Little Rock,12,32,62.1,78.2,-0.96,1,3.3,47,46,-0.811,-16.1
2016,575,Maryland,5,16,80.1,69.4,0.31,2,38.7,11,19,1.148,10.7
2016,574,Miami FL,3,16,76.5,68,-0.47,2,23.9,19,10,-0.874,8.5
2016,573,Michigan,11,64,64.1,74.5,-0.01,0,7,37,41,-0.274,-10.4
2016,572,Michigan St.,2,64,89.4,65.8,0.33,0,118.6,1,5,2.316,23.6
2016,571,Middle Tennessee,15,32,53.6,87.5,-1.33,1,1,61,57,-0.749,-33.9
2016,570,North Carolina,1,2,86.8,66.5,-0.38,5,72.7,5,2,0.048,20.3
2016,569,Northern Iowa,11,32,58.4,71.3,1.19,1,5.3,41,44,-0.551,-12.9
2016,568,Notre Dame,6,8,73.3,69.6,0.43,3,22.3,21,22,0.459,3.7
2016,567,Oklahoma,2,4,84.2,64.8,0.96,4,91.9,2,6,1.196,19.4
2016,566,Oregon,1,8,75.9,64.2,1.23,3,33.4,14,4,-1.82,11.7
2016,565,Oregon St.,7,64,62.3,72.2,-0.03,0,4.9,42,28,-1.201,-9.9
2016,564,Pittsburgh,10,64,64.9,72.1,0.38,0,9.5,33,37,0.436,-7.2
2016,563,Providence,9,32,65.3,72.5,0.6,1,5.5,40,33,-0.603,-7.2
2016,562,Purdue,5,64,79.6,69.6,0.21,0,40.6,10,18,1.291,10
2016,561,Saint Joseph's,8,32,66.6,71.7,0.82,1,9,34,32,-0.318,-5.1
2016,560,Seton Hall,6,64,70.2,77.7,-2.05,0,7.4,36,24,-1.144,-7.5
2016,559,South Dakota St.,12,64,58.6,79.7,-1.44,0,2.3,54,48,-1.265,-21.1
2016,557,Stephen F. Austin,14,32,64.2,77.2,0.25,1,6.6,38,56,2.8,-13
2016,556,Stony Brook,13,64,59.8,83.8,-1.55,0,1.8,57,51,-0.958,-24
2016,555,Syracuse,10,4,67.7,71.1,0.68,4,9.7,32,39,0.488,-3.4
2016,554,Temple,10,64,57.1,74.6,-0.37,0,3,50,38,-1.275,-17.5
2016,553,Texas,6,64,68.5,66.3,1.45,0,14,28,21,-0.434,2.2
2016,552,Texas A&M,3,16,77.5,64.1,1.78,2,42.4,8,12,0.213,13.4
2016,551,Texas Tech,8,64,62.7,73.6,0.13,0,3.5,46,29,-1.234,-10.9
2016,549,UNC Asheville,15,64,53.1,80.8,0.43,0,1.7,58,59,0.179,-27.7
2016,548,UNC Wilmington,13,64,58.5,79.7,-0.59,0,2.7,52,49,-0.402,-21.2
2016,547,USC,8,64,66.3,73.4,0.2,0,7.9,35,31,-0.501,-7.1
2016,546,Utah,3,32,76.3,69.1,-1.11,1,15.6,26,11,-1.361,7.2
2016,544,VCU,10,32,65.9,68.6,1.43,1,12.1,29,40,1.12,-2.7
2016,543,Villanova,2,1,81.9,66.5,-0.11,6,51.4,7,7,-0.502,15.4
2016,542,Virginia,1,8,85.8,65.2,0.53,3,89,3,3,0.823,20.6
2016,541,Weber St.,15,64,55.7,74.6,2.06,0,3.7,45,60,2.829,-18.9
2016,540,West Virginia,3,64,78,69.1,-1.11,0,32.3,15,9,-0.38,8.9
2016,539,Wichita St.,11,32,76.8,78.3,-1.44,1,18.4,23,42,1.583,-1.5
2016,538,Wisconsin,7,16,70.8,69.6,0.82,2,17.8,24,25,0.718,1.2
2016,537,Xavier,2,32,75,67.5,-0.75,1,22.7,20,8,-1.706,7.5
2016,536,Yale,12,32,64.9,75.9,-0.23,1,6,39,47,0.414,-11
2015,535,Albany,14,64,52.5,78.1,0.01,0,1.9,56,56,-0.627,-25.6
2015,534,Arizona,2,8,91.1,66,0.2,3,88,1,6,1.032,25.1
2015,533,Arkansas,5,32,70.1,68.9,0.55,1,10.7,26,18,-0.952,1.2
2015,532,Baylor,3,64,77,70.5,-1.92,0,19.5,18,10,-1.132,6.5
2015,531,Belmont,15,64,52,88.2,-1.51,0,0.7,61,58,-1.146,-36.2
2015,529,Buffalo,12,64,60.5,71.3,1.22,0,5.9,37,46,0.369,-10.8
2015,528,Butler,6,32,70.3,78.7,-2.36,1,6.3,36,23,-1.263,-8.4
2015,526,Cincinnati,8,32,65.2,74.8,-0.31,1,5.8,39,29,-0.851,-9.6
2015,525,Coastal Carolina,16,64,53.6,90.8,-1.07,0,0.9,59,62,0.311,-37.2
2015,524,Davidson,10,64,65.8,75.1,-0.52,1,5.8,38,38,-0.538,-9.3
2015,523,Dayton,11,32,61.8,72.7,0.67,1,5.8,40,44,-0.47,-10.9
2015,522,Duke,1,1,89.4,66.6,-0.45,6,70.5,5,3,-0.056,22.8
2015,521,Eastern Washington,13,64,53.4,73.5,0.86,0,2.6,51,51,-0.463,-20.1
2015,520,Georgetown,4,32,73,68,0.03,1,17.5,19,16,-1.022,5
2015,519,Georgia,10,64,64.3,81.7,-2.5,0,3.2,49,40,-1.222,-17.4
2015,518,Georgia St.,14,32,61.8,75.9,0.61,1,5.2,41,53,1.779,-14.1
2015,517,Gonzaga,2,8,86.1,66.3,0.01,3,70.2,6,7,0.286,19.8
2015,516,Hampton,16,64,45.6,94.7,-2.05,0,0.3,64,64,-1.885,-49.1
2015,515,Harvard,13,64,57.7,79.9,-0.64,0,2.3,52,50,-0.649,-22.2
2015,514,Indiana,10,64,62.6,79.9,-1.96,0,3.2,50,37,-1.222,-17.3
2015,513,Iowa,7,32,71.3,73.4,-0.42,0,11.9,25,27,-0.16,-2.1
2015,512,Iowa St.,3,64,79.8,66.9,0.16,0,33.8,12,9,-0.292,12.9
2015,511,Kansas,2,32,83.7,70.8,-2.84,1,39.6,10,8,-0.997,12.9
2015,510,Kentucky,1,4,95.1,63.1,2.01,4,79.6,4,1,0.376,32
2015,509,Lafayette,16,64,48.8,86.1,0.12,0,0.8,60,61,-0.055,-37.3
2015,508,Louisville,4,8,82,66.2,1.14,3,46.4,8,15,0.458,15.8
2015,507,LSU,9,64,66.7,73.1,0.42,0,7.5,31,35,-0.104,-6.4
2015,505,Maryland,4,32,69.6,69.7,-1.02,1,9.3,29,14,-1.442,-0.1
2015,504,Michigan St.,7,4,80.9,73.3,-0.38,4,25.3,16,25,1.833,7.6
2015,503,Mississippi,11,64,62.7,72.5,0.74,0,6.4,35,43,-0.372,-9.8
2015,502,New Mexico St.,15,64,58.5,82.8,-0.1,0,2.2,54,57,0.841,-24.3
2015,501,North Carolina,4,16,83.1,67,0.64,2,42.3,9,13,0.248,16.1
2015,500,North Carolina St.,8,16,67.5,73.9,0.02,2,7.2,33,31,-0.618,-6.4
2015,499,North Dakota St.,15,64,50.6,84.8,-0.62,0,1,58,60,-0.749,-34.2
2015,497,Northeastern,14,64,54.1,79.3,-0.32,0,1.9,55,54,-0.627,-25.2
2015,496,Northern Iowa,5,32,71.1,68.2,0.89,1,13.4,23,20,-0.75,2.9
2015,495,Notre Dame,3,8,79.9,68.5,-0.76,3,24.1,17,12,-0.862,11.4
2015,494,Ohio St.,10,32,77.2,74.4,-0.31,1,16.2,20,39,2.199,2.8
2015,493,Oklahoma,3,16,79.5,65.9,0.74,2,37,11,11,-0.104,13.6
2015,492,Oklahoma St.,9,64,64.4,71.5,0.91,0,6.7,34,34,-0.303,-7.1
2015,491,Oregon,8,32,63.1,74.2,-0.09,1,4.4,45,30,-1.084,-11.1
2015,490,Providence,6,64,68.3,69.7,0.4,0,9.8,28,22,-0.886,-1.4
2015,489,Purdue,9,64,64,73.8,0.21,0,4.9,43,36,-0.753,-9.8
2015,488,Robert Morris,16,64,49.4,89.2,-0.66,0,0.6,62,63,-0.787,-39.8
2015,487,San Diego St.,8,32,73.6,72.8,0.42,1,15,21,32,0.682,0.8
2015,486,SMU,6,64,71.7,72.7,-0.52,0,12,24,21,-0.649,-1
2015,485,St. John's,9,64,63.1,78,-1.08,0,3.6,46,33,-1.077,-14.9
2015,484,Stephen F. Austin,12,64,64.6,77.2,-0.64,0,4.9,42,48,-0.085,-12.6
2015,483,Texas,11,64,79.1,73.8,0.25,0,25.4,15,41,2.723,5.3
2015,482,Texas Southern,15,64,48.3,89.5,-1.86,0,0.5,63,59,-1.411,-41.2
2015,481,UAB,14,32,52.5,78.9,-0.21,1,1.8,57,55,-0.7,-26.4
2015,480,UC Irvine,13,64,56.8,79.1,-0.45,0,2.3,53,52,-0.649,-22.3
2015,479,UCLA,11,16,68,74.4,0.03,2,8.8,30,42,0.019,-6.4
2015,478,Utah,5,16,79.2,70.2,-0.08,2,32.4,13,17,0.676,9
2015,477,Valparaiso,13,64,61.4,69.6,1.77,0,7.4,32,49,2.503,-8.2
2015,476,VCU,7,64,68.9,80.4,-2.7,0,4.8,44,28,-1.216,-11.5
2015,475,Villanova,1,32,86.3,66.2,-0.17,1,67.1,7,2,-0.218,20.1
2015,474,Virginia,2,32,89.5,67.7,-0.87,1,79.7,3,5,0.684,21.8
2015,473,West Virginia,5,16,69.9,68.6,0.7,2,14,22,19,-0.705,1.3
2015,472,Wichita St.,7,16,79.3,71.5,0.2,2,26.8,14,26,2.056,7.8
2015,471,Wisconsin,1,2,91.1,66.5,-0.38,5,83.9,2,4,0.581,24.6
2015,470,Wofford,12,64,56.3,73.5,0.53,0,3.5,47,47,-0.721,-17.2
2015,469,Wyoming,12,64,56.7,73.6,0.5,0,3.4,48,45,-0.766,-16.9
2015,468,Xavier,6,16,68.2,69.9,0.34,2,10.5,27,24,-0.811,-1.7
2014,467,Albany,16,64,49.5,86.7,-0.03,0,0.8,63,63,-0.055,-37.2
2014,466,American,15,64,56.4,77.3,1.35,0,3.1,51,60,2.034,-20.9
2014,465,Arizona,1,8,90.5,68.2,-1.57,3,103.2,1,2,1.498,22.3
2014,464,Arizona St.,10,64,65.6,71,0.71,0,8.5,33,40,0.172,-5.4
2014,463,Baylor,6,16,70.5,67.7,1.02,2,17,25,24,-0.111,2.8
2014,462,BYU,10,64,63.5,73.5,-0.04,0,7.1,36,39,-0.196,-10
2014,461,Cal Poly,16,64,50.9,83.8,0.7,0,1.1,60,64,1.043,-32.9
2014,460,Cincinnati,5,64,72.8,73.3,-1.58,0,14.1,29,17,-0.697,-0.5
2014,459,Coastal Carolina,16,64,47.9,81.2,1.36,0,1.1,61,61,1.043,-33.3
2014,458,Colorado,8,64,64.8,77.5,-1.29,0,5.3,42,32,-0.934,-12.7
2014,457,Connecticut,7,1,73,69,1.02,6,22.2,20,26,1.372,4
2014,456,Creighton,3,32,80.2,65.4,1.03,1,53.4,8,11,0.86,14.8
2014,455,Dayton,11,8,61.9,78.8,-1.63,3,3.5,50,41,-0.844,-16.9
2014,454,Delaware,13,64,54.9,82.3,-1.2,0,1.5,58,52,-1.143,-27.4
2014,453,Duke,3,64,85.1,67.6,-0.24,0,58,5,9,1.13,17.5
2014,452,Eastern Kentucky,15,64,50.9,85,-0.67,0,0.9,62,57,-0.881,-34.1
2014,451,Florida,1,4,86.9,66.6,-0.45,4,53.7,7,1,-0.855,20.3
2014,450,George Washington,9,64,63.8,72.5,0.6,0,6.9,37,34,-0.253,-8.7
2014,449,Gonzaga,8,32,77.5,81.4,-2.71,1,15.3,26,30,0.732,-3.9
2014,448,Harvard,12,32,67.8,74.8,0.12,1,8.2,34,47,1.413,-7
2014,446,Iowa St.,3,16,76,67.5,-0.19,2,27.2,16,12,-0.68,8.5
2014,445,Kansas,2,32,86.2,67.2,-0.56,1,74.5,2,7,0.466,19
2014,444,Kansas St.,9,64,66.4,80.6,-1.87,0,4.5,47,33,-0.852,-14.2
2014,443,Kentucky,8,2,79.6,73.1,0.31,5,25.7,17,29,2.465,6.5
2014,442,Louisiana Lafayette,14,64,55.2,78.8,-0.18,0,2.4,53,55,-0.263,-23.6
2014,441,Louisville,4,16,87.8,67.3,0.46,2,71.1,3,13,1.724,20.5
2014,440,Manhattan,13,64,59.4,84,-1.6,0,2,55,49,-0.834,-24.6
2014,439,Massachusetts,6,64,64.6,77.4,-1.96,0,4.1,49,23,-1.499,-12.8
2014,438,Memphis,8,32,68.7,70.7,1.18,1,11.4,31,31,0.082,-2
2014,437,Mercer,14,32,58.5,83.5,-1.45,1,2,54,54,-0.554,-25
2014,436,Michigan,2,8,82.1,65.4,0.58,3,53,9,6,-0.435,16.7
2014,435,Michigan St.,4,8,85,66,1.26,3,62.3,4,14,1.273,19
2014,434,Milwaukee,15,64,49.5,77.8,1.22,0,1.6,57,58,0.046,-28.3
2014,432,Nebraska,11,64,59.4,73.3,0.44,0,4.6,46,42,-0.665,-13.9
2014,431,New Mexico,7,64,75.5,73.4,-0.42,0,17.8,24,28,0.718,2.1
2014,430,New Mexico St.,13,64,62.4,74,0.74,0,6.4,40,51,1.885,-11.6
2014,429,North Carolina,6,32,73.9,68.4,0.8,1,24.1,18,21,0.653,5.5
2014,428,North Carolina Central,14,64,60.1,75.3,0.77,0,4.9,44,56,1.561,-15.2
2014,427,North Carolina St.,12,64,62.9,73.3,0.59,0,5.2,43,45,0.051,-10.4
2014,426,North Dakota St.,12,32,61.3,71.5,1.16,1,6.7,38,46,0.732,-10.2
2014,425,Ohio St.,6,64,78.4,70,0.31,0,29.1,15,22,1.191,8.4
2014,424,Oklahoma,5,64,68.9,69.9,0.07,0,12.3,30,20,-0.832,-1
2014,423,Oklahoma St.,9,64,78.2,80.7,-1.9,0,15.1,27,35,1.794,-2.5
2014,422,Oregon,7,32,71.8,69.8,0.76,1,18.4,23,27,0.807,2
2014,421,Pittsburgh,9,32,72.8,71.5,0.91,1,14.6,28,36,1.669,1.3
2014,420,Providence,11,64,62.9,74.3,0.06,0,6.4,39,43,-0.372,-11.4
2014,419,Saint Joseph's,10,64,62.7,74,-0.19,0,5.8,41,38,-0.538,-11.3
2014,418,Saint Louis,5,32,68.7,72.6,-1.24,1,9.2,32,18,-1.065,-3.9
2014,417,San Diego St.,4,16,75.1,69.4,-0.83,2,23.5,19,16,-0.715,5.7
2014,416,Stanford,10,16,65.6,77.9,-1.36,2,4.7,45,37,-0.828,-12.3
2014,415,Stephen F. Austin,12,32,60.2,75,0.05,1,4.2,48,48,-0.403,-14.8
2014,414,Syracuse,3,32,81.6,67.8,-0.36,1,42.5,12,10,0.219,13.8
2014,413,Tennessee,11,16,74.8,71.1,1.27,2,21.1,21,44,2.023,3.7
2014,412,Texas,7,32,65.9,72.3,-0.06,1,7.4,35,25,-0.829,-6.4
2014,410,Tulsa,13,64,58.1,77.5,-0.08,0,3,52,50,-0.216,-19.4
2014,409,UCLA,4,16,79.3,67.8,0.15,2,39.7,13,15,0.115,11.5
2014,408,VCU,5,64,73.9,69.5,0.26,0,19.6,22,19,-0.285,4.4
2014,407,Villanova,2,32,78.5,64.7,1.03,1,47.9,11,5,-0.649,13.8
2014,406,Virginia,1,16,81.4,65.5,0.32,2,57.1,6,4,-0.693,15.9
2014,405,Weber St.,16,64,51.8,90.3,-0.94,0,0.7,64,62,-0.421,-38.5
2014,404,Western Michigan,14,64,54.1,80.6,-0.67,0,1.7,56,53,-0.773,-26.5
2014,403,Wichita St.,1,32,83.9,69,-2.13,1,50.6,10,3,-1.002,14.9
2014,402,Wisconsin,2,4,78,67.9,-1,4,31.2,14,8,-1.35,10.1
2014,401,Wofford,15,64,50.3,81,0.38,0,1.3,59,59,-0.351,-30.7
2013,399,Akron,12,64,65.3,74.2,0.31,0,7.3,40,49,1.004,-8.9
2013,398,Albany,15,64,50.7,84.7,-0.59,0,1,61,60,-0.749,-34
2013,397,Arizona,6,16,77.6,69.9,0.34,2,33.8,11,21,1.696,7.7
2013,396,Belmont,11,64,65.6,76.6,-0.8,0,6.6,41,44,-0.339,-11
2013,394,Bucknell,11,64,64.9,69.1,2.02,0,12.7,27,47,0.654,-4.2
2013,393,Butler,6,32,65.5,69,0.62,1,8.9,35,22,-0.983,-3.5
2013,392,California,12,32,63.7,75,0.05,1,5.3,47,42,0.096,-11.3
2013,391,Cincinnati,10,64,67.6,76.9,-1.06,0,6.4,43,37,-0.38,-9.3
2013,390,Colorado,10,64,64.5,69.2,1.25,0,10.8,32,36,0.778,-4.7
2013,389,Colorado St.,8,32,71.6,80,-2.2,1,8.5,36,30,-0.401,-8.4
2013,388,Creighton,7,32,74.1,74.4,-0.74,1,16,23,25,0.45,-0.3
2013,387,Davidson,14,64,60.4,73.1,1.37,0,6.2,44,53,2.509,-12.7
2013,386,Duke,2,8,85.8,67.3,-0.62,3,71.3,5,6,0.332,18.5
2013,385,Florida,3,8,88.9,66.4,0.45,3,100.6,1,10,3.633,22.5
2013,384,Florida Gulf Coast,15,16,54,78,1.17,2,2.3,55,57,0.974,-24
2013,383,Georgetown,2,64,78.6,68.4,-1.32,0,24.3,16,7,-1.639,10.2
2013,382,Gonzaga,1,32,87,68.5,-1.78,1,79.2,4,4,0.357,18.5
2013,381,Harvard,14,32,55.8,74.6,0.96,1,3.3,51,56,0.394,-18.8
2013,380,Illinois,7,32,65.2,70.2,0.63,1,9.6,33,28,-0.502,-5
2013,379,Indiana,1,16,90,66.3,-0.24,2,79.8,2,3,0.386,23.7
2013,378,Iona,15,64,56,81.9,0.14,0,2.1,56,59,0.709,-25.9
2013,377,Iowa St.,10,32,66.5,73.2,0.05,1,8.9,34,39,0.278,-6.7
2013,376,James Madison,16,64,49.4,89.8,-0.81,0,0.6,63,63,-0.787,-40.4
2013,375,Kansas,1,16,86.3,67.4,-1.01,2,59.8,8,2,-0.565,18.9
2013,374,Kansas St.,4,64,72.6,70.5,-1.51,0,15.9,24,14,-1.104,2.1
2013,373,La Salle,13,16,60.3,73.2,0.93,2,5.5,46,48,1.329,-12.9
2013,370,Louisville,1,1,89.5,66.4,-0.31,6,79.6,3,1,0.376,23.1
2013,369,Marquette,3,8,73.9,67,0.1,3,27.2,15,12,-0.68,6.9
2013,368,Memphis,6,32,73.2,74.6,-1.1,1,13.3,26,23,-0.51,-1.4
2013,367,Miami FL,2,16,79.1,65.1,0.77,2,34.7,10,5,-1.203,14
2013,366,Michigan,4,2,85.4,67.6,0.28,5,67.4,6,13,1.534,17.8
2013,365,Michigan St.,3,16,80.3,70.5,-1.92,2,31.7,12,11,-0.415,9.8
2013,363,Minnesota,11,32,72.7,75.1,-0.24,1,11.4,31,41,0.443,-2.4
2013,362,Mississippi,12,32,65.8,77,-0.58,1,6.5,42,46,0.641,-11.2
2013,361,Missouri,9,64,76.2,76.6,-0.65,0,16.4,22,33,2.118,-0.4
2013,360,Montana,13,64,53.5,81.7,-1.06,0,1.4,58,52,-1.205,-28.2
2013,359,New Mexico,3,64,74.8,68.2,-0.59,0,23.1,17,9,-0.921,6.6
2013,358,New Mexico St.,13,64,58.6,72.5,1.09,0,5,49,50,1.02,-13.9
2013,357,North Carolina,8,32,75.4,70.5,1.25,1,19.2,20,29,1.382,4.9
2013,356,North Carolina A&T,16,64,46.7,89.3,-0.69,0,0.5,64,64,-1.153,-42.6
2013,355,North Carolina St.,8,64,77,71.4,0.93,0,21.7,18,32,1.798,5.6
2013,354,Northwestern St.,14,64,53.5,87.2,-2.46,0,1,59,55,-1.283,-33.7
2013,353,Notre Dame,7,64,69.5,72.7,-0.19,0,11.6,30,27,-0.205,-3.2
2013,352,Ohio St.,2,8,83.1,67.4,-0.68,3,50.6,9,8,-0.536,15.7
2013,351,Oklahoma,10,64,63.2,74.8,-0.43,0,5.2,48,40,-0.696,-11.6
2013,350,Oklahoma St.,5,64,69.9,70.6,-0.27,0,14.1,25,17,-0.697,-0.7
2013,349,Oregon,12,16,64.5,71.5,1.16,2,7.9,37,43,1.277,-7
2013,348,Pacific,15,64,53.5,78,1.17,0,2.4,54,58,1.106,-24.5
2013,347,Pittsburgh,8,64,79.4,75.1,-0.42,0,27.9,14,31,2.831,4.3
2013,346,Saint Louis,4,32,73,68.4,-0.22,1,19.5,19,15,-0.92,4.6
2013,345,Saint Mary's,11,64,70.7,75.7,-0.46,0,12.1,29,45,0.557,-5
2013,344,San Diego St.,7,32,72.6,70.6,0.5,1,17.7,21,26,0.703,2
2013,343,South Dakota St.,13,64,57.7,82.4,-1.23,0,1.9,57,51,-0.896,-24.7
2013,342,Southern,16,64,52.2,86.9,-0.08,0,1,60,62,0.677,-34.7
2013,341,Syracuse,4,4,84.2,66.4,1.01,4,65,7,16,1.411,17.8
2013,340,Temple,9,32,60.3,80.4,-1.81,1,2.5,53,34,-1.352,-20.1
2013,339,UCLA,6,64,70.3,77.1,-1.87,0,7.4,39,24,-1.144,-6.8
2013,338,UNLV,5,64,72.5,72.3,-1.1,0,12.4,28,18,-0.825,0.2
2013,337,Valparaiso,14,64,60.8,79.5,-0.37,0,3.7,50,54,0.685,-18.7
2013,336,VCU,5,32,70.8,73.3,-1.58,1,7.8,38,20,-1.17,-2.5
2013,335,Villanova,9,64,60.5,78.4,-1.2,0,3,52,38,-1.227,-17.9
2013,334,Western Kentucky,16,64,50,86.1,0.12,0,0.9,62,61,0.311,-36.1
2013,333,Wichita St.,9,4,68.7,81.1,-2.03,4,5.7,45,35,-0.553,-12.4
2013,332,Wisconsin,5,64,78.6,70.9,-0.42,0,30.5,13,19,0.533,7.7